run_num,metric,sim_val
0.0,day_hour_emd,0.07447969540699091
0.0,dl,0.38691800543608773
0.0,log_mae,8253081.0
0.0,mae,1110731.2
0.0,tsd,0.3649139587139975
0.0,clustering_method,kmeans
0.0,decomposition_method,pca
0.0,number_clusters,3
0.0,silhouette_score,0.3180567983583215
0.0,calinski_harabasz_score,12.950965329829058
