run_num,metric,sim_val
0.0,day_hour_emd,0.10003041197508758
0.0,dl,0.38474858647327315
0.0,log_mae,10632542.0
0.0,mae,1139404.0222222223
0.0,tsd,0.3676906825845207
0.0,clustering_method,kmeans
0.0,decomposition_method,pca
0.0,number_clusters,3
0.0,silhouette_score,0.3180567983583215
0.0,calinski_harabasz_score,12.950965329829058
