run_num,metric,sim_val
0.0,day_hour_emd,0.1354166466650696
0.0,dl,0.3890638020263287
0.0,log_mae,4487074.0
0.0,mae,945319.911111111
0.0,tsd,0.36161355325565475
0.0,clustering_method,kmeans
0.0,decomposition_method,pca
0.0,number_clusters,3
0.0,silhouette_score,0.3180567983583215
0.0,calinski_harabasz_score,12.950965329829058
