run_num,metric,sim_val
0.0,day_hour_emd,0.1428660058237791
0.0,dl,0.38438677884093414
0.0,log_mae,10304748.0
0.0,mae,1293136.5777777778
0.0,tsd,0.3638426064388027
0.0,clustering_method,kmeans
0.0,decomposition_method,pca
0.0,number_clusters,3
0.0,silhouette_score,0.3180567983583215
0.0,calinski_harabasz_score,12.950965329829058
