run_num,metric,sim_val
0.0,day_hour_emd,0.20003114714274692
0.0,dl,0.3860712749425522
0.0,log_mae,7725505.0
0.0,mae,1014596.3333333334
0.0,tsd,0.3563827192046099
0.0,clustering_method,kmeans
0.0,decomposition_method,pca
0.0,number_clusters,3
0.0,silhouette_score,0.3180567983583215
0.0,calinski_harabasz_score,12.950965329829058
