{
    "generated_at": "21/06/2023 11:12:28",
    "loss": 0.27882432908107463,
    "max_cap": 3.5999999999999996
}