run_num,metric,sim_val
0.0,day_hour_emd,0.33650014774819387
1.0,day_hour_emd,0.36651371168225366
0.0,dl,0.6521400857692122
1.0,dl,0.6926388514080717
0.0,log_mae,807894.0
1.0,log_mae,7307290.0
0.0,mae,1455460.3934426229
1.0,mae,1503242.475409836
0.0,tsd,0.5739851567984866
1.0,tsd,0.6032036504386629
0.0,clustering_method,kmeans
0.0,decomposition_method,pca
0.0,number_clusters,3
0.0,silhouette_score,0.5501136029921725
0.0,calinski_harabasz_score,17.109841674595394
