run_num,metric,sim_val
0.0,day_hour_emd,0.3719703785086175
0.0,dl,0.6521400857692122
0.0,log_mae,3453821.0
0.0,mae,1670495.2950819673
0.0,tsd,0.5696692193222099
0.0,clustering_method,kmeans
0.0,decomposition_method,pca
0.0,number_clusters,3
0.0,silhouette_score,0.5501136029921725
0.0,calinski_harabasz_score,17.109841674595394
