run_num,metric,sim_val
0.0,day_hour_emd,0.30121535689332957
0.0,dl,0.6521400857692122
0.0,log_mae,6054889.0
0.0,mae,1775219.6393442622
0.0,tsd,0.5669284444035309
0.0,clustering_method,kmeans
0.0,decomposition_method,pca
0.0,number_clusters,3
0.0,silhouette_score,0.5501136029921725
0.0,calinski_harabasz_score,17.109841674595394
