run_num,metric,sim_val
0.0,day_hour_emd,0.3019128726768142
0.0,dl,0.6521400857692122
0.0,log_mae,3695713.0
0.0,mae,1733875.1229508198
0.0,tsd,0.5667444362914126
0.0,clustering_method,kmeans
0.0,decomposition_method,pca
0.0,number_clusters,3
0.0,silhouette_score,0.5501136029921725
0.0,calinski_harabasz_score,17.109841674595394
