run_num,metric,sim_val
0.0,day_hour_emd,0.1847212627336272
0.0,dl,0.8429420290593062
0.0,log_mae,8932317.0
0.0,mae,1153218.322851153
0.0,tsd,0.7929845469974726
0.0,clustering_method,kmeans
0.0,decomposition_method,pca
0.0,number_clusters,3
0.0,silhouette_score,0.43855714200274754
0.0,calinski_harabasz_score,12.63877086017275
