run_num,metric,sim_val
0.0,day_hour_emd,0.3213277834473757
0.0,dl,0.916503714437355
0.0,log_mae,11714493.0
0.0,mae,686267.2295081967
0.0,tsd,0.8036625039865332
0.0,clustering_method,kmeans
0.0,decomposition_method,pca
0.0,number_clusters,3
0.0,silhouette_score,0.5067519623193497
0.0,calinski_harabasz_score,12.898437434287208
