run_num,metric,sim_val
0.0,day_hour_emd,0.1176470400244144
0.0,dl,0.4105608825794696
0.0,log_mae,5126407.0
0.0,mae,1104712.4296296444
0.0,tsd,0.37139051765131625
0.0,clustering_method,kmeans
0.0,decomposition_method,pca
0.0,number_clusters,3
0.0,silhouette_score,0.3180567983583215
0.0,calinski_harabasz_score,12.950965329829058
