run_num,metric,sim_val
0.0,day_hour_emd,0.13999867321386497
1.0,day_hour_emd,0.10891087755711742
0.0,dl,0.3898572535169419
1.0,dl,0.3551639426848207
0.0,log_mae,11211704.0
1.0,log_mae,12018099.000001
0.0,mae,2040746.496296311
1.0,mae,2521507.1629629554
0.0,tsd,0.36980182585769
1.0,tsd,0.33273412370033695
0.0,clustering_method,kmeans
0.0,decomposition_method,pca
0.0,number_clusters,3
0.0,silhouette_score,0.3180567983583215
0.0,calinski_harabasz_score,12.950965329829058
