{
    "ac_index": {
        "Avanzar recepcion documentos": 16,
        "Cancelar Solicitud": 7,
        "Cancelar curso": 14,
        "End": 17,
        "Evaluacion curso": 6,
        "Homologacion por grupo de cursos": 4,
        "Notificacion estudiante cancelacion soli": 8,
        "Radicar Solicitud Homologacion": 2,
        "Recepcion de documentos": 15,
        "Revisar curso": 5,
        "Start": 0,
        "Traer informacion estudiante - banner": 1,
        "Transferir Creditos": 12,
        "Transferir creditos homologables": 13,
        "Validacion final": 10,
        "Validar solicitud": 3,
        "Validar solicitud / pre-homologacion": 9,
        "Visto Bueno Cierre Proceso": 11
    },
    "dense_act": "linear",
    "generated_at": "21/06/2023 14:58:22",
    "inter_mean_states": {
        "tasks": {
            "Avanzar recepcion documentos": 0.008512769153730596,
            "Cancelar Solicitud": 0.16800200300450677,
            "Cancelar curso": 0.0007511266900350526,
            "End": 0.0,
            "Evaluacion curso": 0.18577866800200302,
            "Homologacion por grupo de cursos": 0.4344016024036054,
            "Notificacion estudiante cancelacion soli": 0.0,
            "Radicar Solicitud Homologacion": 0.08738107160741111,
            "Recepcion de documentos": 0.010766149223835753,
            "Revisar curso": 0.05783675513269905,
            "Start": 0.0,
            "Traer informacion estudiante - banner": 0.0,
            "Transferir Creditos": 0.0,
            "Transferir creditos homologables": 0.0,
            "Validacion final": 0.013520280420630946,
            "Validar solicitud": 0.16249374061091637,
            "Validar solicitud / pre-homologacion": 0.010766149223835753,
            "Visto Bueno Cierre Proceso": 0.04181271907861793
        },
        "wip": 40.782674011016525
    },
    "l_size": 100,
    "log_size": 433,
    "loss": 0.02341619599610567,
    "lstm_act": "selu",
    "n_size": 5,
    "optim": "Nadam",
    "roles": {
        "Role 1": [
            "11174",
            "19019",
            "8786",
            "10923",
            "6971",
            "1314",
            "9484",
            "8736",
            "7320",
            "6952",
            "8225",
            "1007",
            "5396",
            "5802",
            "7323",
            "18929",
            "11353",
            "26344",
            "294",
            "7311",
            "6186",
            "22404",
            "6723",
            "677",
            "3445",
            "9445",
            "1",
            "10176",
            "22475",
            "4905",
            "7297",
            "7324",
            "8772",
            "3003",
            "22491",
            "659",
            "11302",
            "8064",
            "5275",
            "7717",
            "22543",
            "716",
            "12548",
            "8973",
            "920",
            "9711",
            "1707",
            "6101",
            "1343",
            "1295",
            "4918",
            "7763",
            "22437",
            "1134",
            "2091",
            "10348",
            "8824",
            "6995",
            "8997",
            "387",
            "11342",
            "957",
            "436",
            "9531",
            "21562",
            "14128",
            "24536",
            "11811",
            "669",
            "12915",
            "9184",
            "6799",
            "8528",
            "15930",
            "20194",
            "2292",
            "1934",
            "19295",
            "2506",
            "7682",
            "15862",
            "6400",
            "22795",
            "1378",
            "4067",
            "6851",
            "186",
            "26788",
            "7143",
            "3149",
            "11775",
            "4834",
            "11959",
            "7299",
            "5667",
            "5189",
            "1422",
            "7664",
            "4701",
            "3747",
            "5506",
            "11150",
            "29277",
            "3815",
            "12532",
            "163",
            "8160",
            "7331",
            "17379",
            "11204",
            "6004",
            "9404",
            "9336",
            "4560",
            "5183",
            "754",
            "8688",
            "22829",
            "49",
            "8661",
            "15352",
            "22950",
            "11557",
            "19531",
            "5488",
            "22476",
            "17642",
            "11760",
            "3421",
            "15370",
            "8121",
            "4130",
            "26757",
            "10280",
            "2970",
            "3703",
            "8213",
            "7820",
            "11692",
            "9187",
            "29577",
            "9509",
            "17625",
            "11041",
            "7573",
            "241",
            "8443",
            "2981",
            "11858",
            "7144",
            "3603",
            "1515",
            "7304",
            "15612",
            "8588",
            "9332",
            "7862",
            "5858",
            "8203",
            "3502",
            "8819",
            "15315",
            "6694",
            "11571",
            "2463",
            "5221",
            "1959",
            "6876",
            "26248",
            "7080",
            "7628",
            "23978",
            "6572",
            "9298",
            "11772",
            "18501",
            "22533",
            "8651",
            "13803",
            "8186",
            "11799",
            "8455",
            "10726",
            "26759",
            "3113",
            "15323",
            "26762",
            "7897",
            "7963",
            "9987",
            "4708",
            "6844",
            "10296",
            "4912",
            "15957",
            "11197",
            "8248",
            "23934",
            "15884",
            "9427",
            "15547",
            "7641",
            "9249",
            "8882",
            "6437",
            "7650",
            "22529",
            "6767",
            "6954",
            "22439",
            "15057",
            "5972",
            "14126",
            "4913",
            "19591",
            "6639",
            "9886",
            "5593",
            "2144",
            "10742",
            "261",
            "308",
            "8475",
            "1646",
            "3695",
            "2541",
            "7775",
            "2150",
            "5573",
            "26259",
            "9335",
            "6598",
            "955",
            "8916",
            "11314",
            "8461",
            "13014",
            "7518",
            "11706",
            "9489",
            "8416",
            "22074",
            "12535",
            "2045",
            "2408",
            "11653",
            "9379",
            "10962",
            "2834",
            "5588",
            "7492",
            "2133",
            "8727",
            "117",
            "11961",
            "8365",
            "9483",
            "11159",
            "7660",
            "17872",
            "11993",
            "448",
            "18760",
            "6551",
            "7147",
            "7355",
            "7599",
            "7369",
            "1995",
            "8177",
            "12935",
            "17965",
            "18289",
            "10183",
            "26793",
            "8655",
            "7316",
            "528",
            "7394",
            "16695",
            "2465",
            "1860",
            "7088",
            "13559",
            "11805",
            "6039",
            "695",
            "6229",
            "8022",
            "305",
            "7019",
            "26796",
            "9437",
            "5571",
            "5064",
