{
    "generated_at": "17/08/2023 12:20:21",
    "loss": 0.2936358791312793,
    "max_cap": 3.5999999999999996
}