run_num,metric,sim_val
0.0,day_hour_emd,0.19212075305486712
0.0,dl,0.8070664501292772
0.0,log_mae,10929612.0
0.0,mae,1214450.54973822
0.0,tsd,0.6469223489644108
0.0,clustering_method,kmeans
0.0,decomposition_method,pca
0.0,number_clusters,3
0.0,silhouette_score,0.41789169688006794
0.0,calinski_harabasz_score,11.597979124939858
