{
    "generated_at": "17/08/2023 01:09:38",
    "loss": 0.29272907555107774,
    "max_cap": 3.5999999999999996
}