run_num,metric,sim_val
0.0,day_hour_emd,0.09183675102323596
1.0,day_hour_emd,0.0927835093866314
0.0,dl,0.5043958089168875
1.0,dl,0.5197200412880767
0.0,log_mae,15139561.0
1.0,log_mae,1074936.0
0.0,mae,706141.7111111111
1.0,mae,283947.6074074222
0.0,tsd,0.46224901560021947
1.0,tsd,0.46684472185316334
0.0,clustering_method,kmeans
0.0,decomposition_method,pca
0.0,number_clusters,3
0.0,silhouette_score,0.27591456695636984
0.0,calinski_harabasz_score,12.454915215862721
