run_num,metric,sim_val
0.0,day_hour_emd,0.10309278470255413
0.0,dl,0.5395632872499346
0.0,log_mae,1475489.0
0.0,mae,666616.911111111
0.0,tsd,0.49097417070050925
0.0,clustering_method,kmeans
0.0,decomposition_method,pca
0.0,number_clusters,3
0.0,silhouette_score,0.27591456695636984
0.0,calinski_harabasz_score,12.454915215862721
