run_num,metric,sim_val
0.0,day_hour_emd,0.30120989109426605
0.0,dl,0.7056951492768565
0.0,log_mae,21890709.0
0.0,mae,1554455.68852459
0.0,tsd,0.5253727439877657
0.0,clustering_method,kmeans
0.0,decomposition_method,pca
0.0,number_clusters,3
0.0,silhouette_score,0.5067519623193497
0.0,calinski_harabasz_score,12.898437434287198
