run_num,metric,sim_val
0.0,day_hour_emd,0.22882776238155675
0.0,dl,0.33539652106928547
0.0,log_mae,6710949.0
0.0,mae,1611987.2857142857
0.0,tsd,0.31314851565578294
0.0,clustering_method,kmeans
0.0,decomposition_method,pca
0.0,number_clusters,3
0.0,silhouette_score,0.3047660403448953
0.0,calinski_harabasz_score,10.904096530126232
