run_num,metric,sim_val
0.0,day_hour_emd,0.12380641606795223
0.0,dl,0.2727947045028709
0.0,log_mae,6108387.0
0.0,mae,1484540.2444444445
0.0,tsd,0.2511530455712341
0.0,clustering_method,kmeans
0.0,decomposition_method,pca
0.0,number_clusters,3
0.0,silhouette_score,0.27591456695636984
0.0,calinski_harabasz_score,12.454915215862718
