run_num,metric,sim_val
0.0,day_hour_emd,0.17857783984707626
0.0,dl,0.6973095208632617
0.0,log_mae,9642855.0
0.0,mae,11471243.601973685
0.0,tsd,0.5842213209922623
0.0,clustering_method,kmeans
0.0,decomposition_method,pca
0.0,number_clusters,3
0.0,silhouette_score,0.5051580403590858
0.0,calinski_harabasz_score,16.0508180875022
